year,item,Switzerland,Iceland,Denmark,Norway,Canada,Finland,Netherlands,Sweden,New Zealand,Australia,Israel,Costa Rica,Austria,Mexico,United States,Brazil,Luxembourg,Ireland,Belgium,United Arab Emirates,United Kingdom,Venezuela,Singapore,Panama,Germany,Chile,Qatar,France,Argentina,Czech Republic,Uruguay,Colombia,Thailand,Saudi Arabia,Spain,Malta,Kuwait,El Salvador,Guatemala,Uzbekistan,Slovakia,Japan,South Korea,Ecuador,Bahrain,Italy,Bolivia,Moldova,Paraguay,Kazakhstan,Slovenia,Lithuania,Nicaragua,Peru,Belarus,Poland,Malaysia,Croatia,Libya,Russia,Jamaica,Cyprus,Algeria,Kosovo,Turkmenistan,Mauritius,Estonia,Indonesia,Vietnam,Turkey,Kyrgyzstan,Nigeria,Bhutan,Azerbaijan,Pakistan,Jordan,Montenegro,China,Zambia,Romania,Serbia,Portugal,Latvia,Philippines,Morocco,Albania,Bosnia and Herzegovina,Dominican Republic,Mongolia,Greece,Lebanon,Hungary,Honduras,Tajikistan,Tunisia,Palestinian Territories,Bangladesh,Iran,Ukraine,Iraq,South Africa,Ghana,Zimbabwe,Liberia,India,Haiti,Congo (Kinshasa),Nepal,Ethiopia,Sierra Leone,Mauritania,Kenya,Armenia,Botswana,Myanmar,Georgia,Malawi,Sri Lanka,Cameroon,Bulgaria,Egypt,Yemen,Mali,Congo (Brazzaville),Uganda,Senegal,Gabon,Niger,Cambodia,Tanzania,Madagascar,Chad,Guinea,Ivory Coast,Burkina Faso,Afghanistan,Rwanda,Benin,Syria,Burundi,Togo
2015,rank,1.0,2.0,3.0,4.0,5.0,6.0,7.0,8.0,9.0,10.0,11.0,12.0,13.0,14.0,15.0,16.0,17.0,18.0,19.0,20.0,21.0,23.0,24.0,25.0,26.0,27.0,28.0,29.0,30.0,31.0,32.0,33.0,34.0,35.0,36.0,37.0,39.0,42.0,43.0,44.0,45.0,46.0,47.0,48.0,49.0,50.0,51.0,52.0,53.0,54.0,55.0,56.0,57.0,58.0,59.0,60.0,61.0,62.0,63.0,64.0,65.0,67.0,68.0,69.0,70.0,71.0,73.0,74.0,75.0,76.0,77.0,78.0,79.0,80.0,81.0,82.0,82.0,84.0,85.0,86.0,87.0,88.0,89.0,90.0,92.0,95.0,96.0,98.0,100.0,102.0,103.0,104.0,105.0,106.0,107.0,108.0,109.0,110.0,111.0,112.0,113.0,114.0,115.0,116.0,117.0,119.0,120.0,121.0,122.0,123.0,124.0,125.0,127.0,128.0,129.0,130.0,131.0,132.0,133.0,134.0,135.0,136.0,138.0,139.0,141.0,142.0,143.0,144.0,145.0,146.0,147.0,149.0,150.0,151.0,152.0,153.0,154.0,155.0,156.0,157.0,158.0
2015,score,7.587000000000001,7.561,7.527,7.522,7.4270000000000005,7.406000000000001,7.377999999999999,7.364,7.2860000000000005,7.284,7.278,7.226,7.2,7.187,7.119,6.983,6.946000000000001,6.94,6.937,6.901,6.867000000000001,6.81,6.797999999999999,6.7860000000000005,6.75,6.67,6.611000000000001,6.575,6.574,6.505,6.485,6.477,6.455,6.4110000000000005,6.329,6.3020000000000005,6.295,6.13,6.122999999999999,6.002999999999999,5.995,5.987,5.984,5.975,5.96,5.9479999999999995,5.89,5.888999999999999,5.877999999999999,5.855,5.848,5.832999999999999,5.827999999999999,5.824,5.813,5.791,5.77,5.7589999999999995,5.754,5.716,5.709,5.689,5.605,5.5889999999999995,5.547999999999999,5.477,5.428999999999999,5.399,5.36,5.332000000000001,5.2860000000000005,5.268,5.252999999999999,5.212000000000001,5.194,5.192,5.192,5.14,5.129,5.124,5.122999999999999,5.102,5.098,5.073,5.013,4.959,4.949,4.885,4.874,4.857,4.8389999999999995,4.8,4.788,4.7860000000000005,4.739,4.715,4.694,4.686,4.681,4.677,4.6419999999999995,4.633,4.61,4.571000000000001,4.565,4.518,4.5169999999999995,4.513999999999999,4.512,4.507,4.436,4.419,4.35,4.332,4.3069999999999995,4.297,4.292,4.271,4.252,4.218,4.194,4.077,3.995,3.989,3.931,3.904,3.8960000000000004,3.845,3.819,3.781,3.681,3.667,3.656,3.655,3.5869999999999997,3.575,3.465,3.34,3.0060000000000002,2.905,2.839
2015,economy,1.3965100000000001,1.3023200000000001,1.32548,1.459,1.32629,1.29025,1.32944,1.33171,1.2501799999999998,1.33358,1.2285700000000002,0.95578,1.33723,1.02054,1.3945100000000001,0.98124,1.5639100000000001,1.33596,1.30782,1.42727,1.26637,1.04424,1.52186,1.0635299999999999,1.32792,1.10715,1.69042,1.27778,1.05351,1.17898,1.06166,0.91861,0.9669,1.39541,1.23011,1.2074,1.5542200000000002,0.76454,0.74553,0.63244,1.1689100000000001,1.27074,1.24461,0.8640200000000001,1.32376,1.25114,0.68133,0.59448,0.75985,1.1225399999999999,1.18498,1.14723,0.59325,0.9001899999999999,1.0319200000000002,1.12555,1.12486,1.08254,1.13145,1.13764,0.81038,1.20813,0.93929,0.80148,0.95847,1.0076100000000001,1.15174,0.8282700000000001,0.63216,1.06098,0.47428000000000003,0.65435,0.77042,1.02389,0.59543,0.9019799999999999,0.9743799999999999,0.89012,0.47038,1.04345,0.92053,1.15991,1.11312,0.70532,0.7347899999999999,0.8786700000000001,0.8322299999999999,0.8953700000000001,0.82819,1.15406,1.0256399999999999,1.12094,0.59532,0.39047,0.88113,0.59867,0.39753,1.0088,0.79907,0.98549,0.9204899999999999,0.5455800000000001,0.271,0.0712,0.64499,0.26673,0.0,0.35996999999999996,0.19072999999999998,0.33024000000000003,0.45407,0.36471,0.7682100000000001,0.99355,0.27108000000000004,0.7419,0.016040000000000002,0.83524,0.4225,1.01216,0.8818,0.5464899999999999,0.26074,0.67866,0.21101999999999999,0.36498,1.06024,0.0694,0.46038,0.2852,0.20824,0.34193,0.17417,0.46534,0.25811999999999996,0.31982,0.22208000000000003,0.28665,0.6632,0.0153,0.20868
2015,family,1.34951,1.4022299999999999,1.36058,1.33095,1.32261,1.31826,1.28017,1.2890700000000002,1.3196700000000001,1.30923,1.22393,1.2378799999999999,1.29704,0.91451,1.24711,1.2328700000000001,1.21963,1.36948,1.28566,1.12575,1.28548,1.25596,1.02,1.1985,1.2993700000000001,1.12447,1.0786,1.2603799999999998,1.24823,1.20643,1.2089,1.2401799999999998,1.26504,1.0839299999999998,1.31379,1.30203,1.16594,1.0250700000000001,1.04356,1.34043,1.26999,1.25712,0.9577399999999999,0.99903,1.21624,1.19777,0.97841,1.01528,1.30477,1.1224100000000001,1.27385,1.25745,1.14184,0.97459,1.23289,1.27948,1.07023,0.79624,1.1186200000000002,1.23617,1.1510200000000002,0.89318,1.07772,0.81198,1.22668,0.98521,1.22791,1.0870799999999998,0.9122600000000001,0.94632,1.15115,0.9043200000000001,1.10395,0.9379299999999999,0.41411000000000003,1.05392,0.9055700000000001,0.94675,0.91612,0.8858799999999999,1.0096399999999999,1.13935,1.09562,1.03516,0.64095,0.8043399999999999,0.9191600000000001,1.17202,1.3006,0.9293299999999999,0.80001,1.20215,0.9534799999999999,0.8556299999999999,0.60429,0.92558,0.43106000000000005,0.54447,1.20278,0.81889,1.18468,0.6795399999999999,1.0327600000000001,0.78968,0.38174,0.74302,1.0012,0.86449,0.60406,0.9557100000000001,0.86908,0.99876,0.7771100000000001,1.10464,0.70905,0.38561999999999996,0.41134,1.01905,0.8876700000000001,1.10614,0.747,0.68093,1.03526,0.6629,1.13299,0.97619,0.90528,0.77265,0.62736,1.00268,0.66801,0.76062,0.46475,0.77115,0.85188,0.30285,0.7737,0.35386,0.47489,0.41586999999999996,0.13995
2015,health,0.9414299999999999,0.94784,0.87464,0.88521,0.9056299999999999,0.8891100000000001,0.89284,0.9108700000000001,0.9083700000000001,0.93156,0.9138700000000001,0.8602700000000001,0.8904200000000001,0.8144399999999999,0.86179,0.69702,0.91894,0.89533,0.8966700000000001,0.80925,0.90943,0.7205199999999999,1.02525,0.79661,0.89186,0.85857,0.79733,0.9457899999999999,0.78723,0.84483,0.8116,0.69077,0.7385,0.72025,0.95562,0.88721,0.72492,0.67737,0.64425,0.59772,0.7890199999999999,0.99111,0.9653799999999999,0.79075,0.74716,0.9544600000000001,0.5392,0.61826,0.66098,0.64368,0.8733700000000001,0.73128,0.7431399999999999,0.73017,0.7360800000000001,0.77903,0.7239399999999999,0.78805,0.7038,0.6692600000000001,0.6874100000000001,0.92356,0.61766,0.63132,0.53886,0.7095,0.77361,0.63793,0.7467600000000001,0.73172,0.65088,0.16007000000000002,0.57407,0.64045,0.51466,0.69639,0.72521,0.81658,0.29924,0.7689,0.74836,0.8751899999999999,0.72437,0.58114,0.60954,0.81325,0.79081,0.66825,0.60268,0.88213,0.83947,0.75905,0.6951,0.5737899999999999,0.73793,0.66015,0.60164,0.69805,0.6739,0.60237,0.27688,0.40131999999999995,0.33475,0.34201,0.5152899999999999,0.38847,0.09806000000000001,0.5687399999999999,0.44055,0.0,0.35874,0.41435,0.7299,0.047760000000000004,0.48246000000000006,0.72926,0.22562,0.70806,0.23401999999999998,0.76649,0.61712,0.40064,0.20583,0.31051,0.33860999999999997,0.4354,0.43372,0.29707,0.61114,0.38215,0.46721,0.1501,0.24009,0.15185,0.27125,0.30335,0.42863999999999997,0.3191,0.7219300000000001,0.22396,0.28443
2015,freedom,0.66557,0.6287699999999999,0.6493800000000001,0.66973,0.63297,0.64169,0.6157600000000001,0.6598,0.6393800000000001,0.6512399999999999,0.41318999999999995,0.63376,0.62433,0.48181,0.54604,0.49049,0.61583,0.6177699999999999,0.5845,0.64157,0.59625,0.42908,0.54252,0.5421,0.6147699999999999,0.44132,0.6404,0.55011,0.44974,0.46363999999999994,0.6036199999999999,0.53466,0.5566399999999999,0.31048000000000003,0.45951000000000003,0.60365,0.55499,0.4035,0.57733,0.6582100000000001,0.31751,0.49615,0.33208000000000004,0.48573999999999995,0.45492,0.26236,0.57414,0.32818,0.53899,0.51649,0.60855,0.21341999999999997,0.55475,0.41496000000000005,0.37938,0.53122,0.5302399999999999,0.25883,0.41668,0.36679,0.50442,0.40671999999999997,0.28579,0.24749000000000002,0.4761,0.56066,0.44888,0.46611,0.59444,0.22815,0.43477,0.34334000000000003,0.5320600000000001,0.3703,0.12102,0.40660999999999997,0.1826,0.5169699999999999,0.48827,0.35068,0.20107,0.51469,0.29671,0.62545,0.41691000000000006,0.35733000000000004,0.09245,0.57672,0.43626000000000004,0.07699,0.33916,0.32111999999999996,0.40148,0.47216,0.26268,0.24499,0.4082,0.30033000000000004,0.25123,0.0,0.33207,0.42341999999999996,0.25861,0.28531,0.39786,0.24425,0.22605,0.38282,0.4345,0.4084,0.24231999999999998,0.42215,0.19847,0.49495,0.44017,0.40576999999999996,0.43054,0.5372600000000001,0.49309,0.30587,0.17288,0.35570999999999997,0.38856999999999997,0.41466000000000003,0.45726999999999995,0.36772,0.31914000000000003,0.47691999999999996,0.66246,0.32878,0.19184,0.23501,0.37725,0.46866,0.39493,0.23414000000000001,0.59201,0.4845,0.15684,0.1185,0.36453
2015,trust,0.41978000000000004,0.14145,0.48357,0.36503,0.32957,0.41372,0.31814000000000003,0.43843999999999994,0.42922,0.35636999999999996,0.07785,0.10583,0.18675999999999998,0.21311999999999998,0.1589,0.17521,0.37798000000000004,0.28703,0.2254,0.38583,0.32066999999999996,0.11069000000000001,0.4921,0.0927,0.21843,0.12869,0.52208,0.20646,0.08484,0.02652,0.24558000000000002,0.0512,0.031869999999999996,0.32524000000000003,0.06398,0.13585999999999998,0.25609,0.11775999999999999,0.09472,0.30826,0.03431,0.1806,0.07857,0.1809,0.306,0.02901,0.08800000000000001,0.01615,0.08242000000000001,0.08454,0.03787,0.01031,0.19317,0.05989,0.1909,0.04212,0.10500999999999999,0.0243,0.11023,0.03005,0.02299,0.06146,0.17382999999999998,0.04741,0.30844,0.07521,0.15184,0.0,0.10440999999999999,0.15746,0.042319999999999997,0.0403,0.15445,0.16065,0.10464000000000001,0.14293,0.14296,0.02781,0.12468,0.006490000000000001,0.02617,0.01078,0.06332,0.12279000000000001,0.08546000000000001,0.06412999999999999,0.00227,0.14234000000000002,0.026660000000000003,0.013969999999999998,0.04582,0.02758,0.06825,0.15072,0.06358,0.12905,0.12569,0.058629999999999995,0.02961,0.13788,0.08884,0.04355,0.08079,0.06232000000000001,0.08492000000000001,0.17175,0.07625,0.059070000000000004,0.15048,0.08786000000000001,0.17461,0.05839,0.039,0.12474,0.19034,0.38331,0.06977,0.09179,0.05786,0.00872,0.06324,0.07854,0.12352,0.11685999999999999,0.07267,0.10712999999999999,0.11091,0.15639,0.07247,0.05747000000000001,0.08123999999999999,0.05269,0.12139000000000001,0.17922000000000002,0.12832000000000002,0.09719,0.55191,0.0801,0.18905999999999998,0.10062,0.10730999999999999
2015,generosity,0.29678000000000004,0.4363,0.34139,0.34699,0.45811,0.23351,0.4761,0.36262,0.47501000000000004,0.43562,0.33171999999999996,0.25497,0.33088,0.14074,0.40105,0.14574,0.28034000000000003,0.45901000000000003,0.2225,0.26428,0.51912,0.058410000000000004,0.31105,0.24434,0.28214,0.33363000000000004,0.32573,0.12332,0.11450999999999999,0.10686,0.2324,0.18400999999999998,0.5763,0.13706,0.18227000000000002,0.51752,0.16228,0.10692,0.27489,0.22837,0.16893,0.10705,0.18557,0.11540999999999998,0.17362,0.22823000000000002,0.20536,0.20951,0.3424,0.11827,0.25328,0.026410000000000003,0.27815,0.14982,0.11045999999999999,0.16759000000000002,0.33075,0.054439999999999995,0.18295,0.00199,0.2123,0.30638000000000004,0.07822,0.2831,0.16979,0.37744,0.0868,0.51535,0.1686,0.12253,0.3003,0.27233,0.47998,0.07799,0.33671,0.11052999999999999,0.1614,0.08185,0.19591,0.13748,0.19230999999999998,0.13719,0.18225999999999998,0.24991,0.07172,0.14272,0.24808000000000002,0.21684,0.3323,0.0,0.21854,0.128,0.23026999999999997,0.22974,0.06431,0.11250999999999999,0.21222,0.38086,0.15275,0.17922000000000002,0.11972999999999999,0.23087,0.18987,0.24361999999999998,0.26475,0.46187,0.24834,0.32295999999999997,0.24325,0.21488000000000002,0.21899999999999997,0.37542,0.07855,0.10461,0.79588,0.055470000000000005,0.33128,0.40828000000000003,0.20618000000000003,0.11921,0.11291,0.09131,0.18798,0.12387999999999999,0.29066,0.20843000000000003,0.06822,0.19387000000000001,0.40359,0.34376999999999996,0.21333000000000002,0.18386,0.28657,0.20165,0.21746999999999997,0.3651,0.22628,0.1826,0.47179,0.19727,0.16680999999999999
2016,rank,2.0,3.0,1.0,4.0,6.0,5.0,7.0,10.0,8.0,9.0,11.0,14.0,12.0,21.0,13.0,17.0,20.0,19.0,18.0,28.0,23.0,44.0,22.0,25.0,16.0,24.0,36.0,32.0,26.0,27.0,29.0,31.0,33.0,34.0,37.0,30.0,41.0,46.0,39.0,49.0,45.0,53.0,57.0,51.0,42.0,50.0,59.0,55.0,70.0,54.0,63.0,60.0,48.0,64.0,61.0,57.0,47.0,74.0,67.0,56.0,73.0,69.0,38.0,77.0,65.0,66.0,72.0,79.0,96.0,78.0,85.0,103.0,84.0,81.0,92.0,80.0,88.0,83.0,106.0,71.0,86.0,94.0,68.0,82.0,90.0,109.0,87.0,89.0,101.0,99.0,93.0,91.0,104.0,100.0,98.0,108.0,110.0,105.0,123.0,112.0,116.0,124.0,131.0,150.0,118.0,136.0,125.0,107.0,115.0,111.0,130.0,122.0,121.0,137.0,119.0,126.0,132.0,117.0,114.0,129.0,120.0,147.0,135.0,127.0,145.0,128.0,134.0,142.0,140.0,149.0,148.0,144.0,151.0,139.0,145.0,154.0,152.0,153.0,156.0,157.0,155.0
2016,score,7.5089999999999995,7.501,7.526,7.497999999999999,7.404,7.412999999999999,7.3389999999999995,7.291,7.334,7.313,7.267,7.087000000000001,7.119,6.778,7.104,6.952000000000001,6.871,6.907,6.928999999999999,6.5729999999999995,6.725,6.084,6.739,6.7010000000000005,6.994,6.705,6.375,6.478,6.65,6.596,6.545,6.481,6.474,6.379,6.361000000000001,6.4879999999999995,6.239,6.068,6.324,5.987,6.077999999999999,5.921,5.835,5.976,6.218,5.977,5.822,5.897,5.537999999999999,5.919,5.768,5.813,5.992000000000001,5.742999999999999,5.8020000000000005,5.835,6.005,5.4879999999999995,5.615,5.856,5.51,5.546,6.355,5.401,5.6579999999999995,5.648,5.517,5.314,5.061,5.388999999999999,5.185,4.875,5.196000000000001,5.291,5.132000000000001,5.303,5.1610000000000005,5.245,4.795,5.528,5.1770000000000005,5.122999999999999,5.56,5.279,5.151,4.655,5.162999999999999,5.155,4.907,5.033,5.129,5.145,4.871,4.996,5.045,4.754,4.643,4.813,4.324,4.575,4.459,4.276,4.1930000000000005,3.622,4.404,4.0280000000000005,4.272,4.793,4.508,4.635,4.2010000000000005,4.356,4.36,3.9739999999999998,4.395,4.252,4.156000000000001,4.415,4.513,4.217,4.362,3.7239999999999998,4.073,4.236000000000001,3.739,4.218999999999999,4.121,3.8560000000000003,3.907,3.6660000000000004,3.695,3.763,3.6069999999999998,3.9160000000000004,3.739,3.36,3.515,3.484,3.069,2.905,3.303
2016,economy,1.5273299999999999,1.42666,1.4417799999999998,1.57744,1.44015,1.40598,1.46468,1.45181,1.36066,1.4444299999999999,1.33766,1.06879,1.45038,1.1150799999999998,1.50796,1.08754,1.6975200000000001,1.4834100000000001,1.42539,1.57352,1.40283,1.1336700000000002,1.64555,1.18306,1.44787,1.2167,1.82427,1.39488,1.15137,1.30915,1.18157,1.0303200000000001,1.0893,1.48953,1.34253,1.30782,1.61714,0.8737,0.83454,0.7359100000000001,1.27973,1.3800700000000001,1.35948,0.97306,1.44024,1.35495,0.79422,0.69177,0.8937299999999999,1.22943,1.2994700000000001,1.2692,0.69384,0.9960200000000001,1.1306200000000002,1.24585,1.25142,1.18649,1.0668799999999998,1.2322799999999998,0.89333,1.31857,1.05266,0.90145,1.08017,1.14372,1.2796399999999999,0.95104,0.74037,1.1649200000000002,0.5604399999999999,0.75216,0.8527,1.12373,0.68816,0.9967299999999999,1.07838,1.0278,0.61202,1.1697,1.03437,1.27607,1.2178799999999999,0.81217,0.8405799999999999,0.9553,0.9338299999999999,1.02787,0.9885299999999999,1.24886,1.12268,1.24142,0.69429,0.48835,0.97724,0.67024,0.54177,1.11758,0.87287,1.07474,1.02416,0.63107,0.35041,0.10705999999999999,0.74036,0.34097,0.05661,0.44626000000000005,0.29283000000000003,0.36485,0.6139100000000001,0.52267,0.8608600000000001,1.09426,0.34112,0.8379200000000001,0.08709,0.9731799999999999,0.5249699999999999,1.11306,0.95395,0.57939,0.31292,0.7710899999999999,0.34719,0.44314,1.15851,0.1327,0.55604,0.47155,0.27954,0.42213999999999996,0.22415,0.55507,0.31995,0.38227,0.32846,0.39499,0.7471899999999999,0.06831,0.28123000000000004
2016,family,1.14524,1.18326,1.16374,1.1269,1.0961,1.1346399999999999,1.02912,1.08764,1.17278,1.10476,0.9953700000000001,1.02152,1.0838299999999998,0.7146,1.04782,1.03938,1.03999,1.16157,1.05249,0.8711399999999999,1.0867200000000001,1.03302,0.8675799999999999,0.9891200000000001,1.09774,0.9058700000000001,0.87964,1.00508,1.0661200000000002,1.00793,1.0314299999999998,1.02169,1.04477,0.84829,1.12945,1.09879,0.8775799999999999,0.80975,0.8711899999999999,1.1681,1.0826799999999999,1.06054,0.7219399999999999,0.85974,0.9439700000000001,1.04167,0.8377899999999999,0.8313200000000001,1.11111,0.95544,1.05613,1.0641100000000001,0.8952100000000001,0.81255,1.04993,1.04685,0.88025,0.6080899999999999,0.95076,1.05261,0.96372,0.70697,0.83309,0.66062,1.03817,0.75695,1.0516299999999998,0.87625,0.7911699999999999,0.8771700000000001,0.95434,0.64498,0.9083600000000001,0.76042,0.26135,0.86216,0.74173,0.79381,0.6376,0.7280300000000001,0.81329,0.9436700000000001,0.95025,0.87877,0.38595,0.50163,0.64367,0.9949600000000001,1.0898299999999999,0.75473,0.64184,0.9316399999999999,0.7559600000000001,0.75602,0.43165,0.71629,0.24749000000000002,0.38856999999999997,1.01413,0.59205,0.9605299999999999,0.49353,0.71478,0.50353,0.29247,0.29561,0.80676,0.69699,0.37932,0.628,0.8414200000000001,0.7624,0.6247699999999999,0.89186,0.69981,0.19249000000000002,0.147,0.84783,0.62542,0.92542,0.49813,0.47493,0.8633299999999999,0.47798999999999997,0.90981,0.7741600000000001,0.72368,0.6053,0.5375,0.77623,0.46115,0.63178,0.3109,0.57576,0.63054,0.11037000000000001,0.6158600000000001,0.10419,0.14866,0.23442,0.0
2016,health,0.86303,0.8673299999999999,0.79504,0.79579,0.8276,0.81091,0.8123100000000001,0.83121,0.83096,0.8512,0.8491700000000001,0.76146,0.80565,0.71143,0.779,0.61415,0.8454200000000001,0.81455,0.8195899999999999,0.72993,0.80991,0.6190399999999999,0.94719,0.70835,0.81487,0.8188300000000001,0.71723,0.83795,0.69711,0.76376,0.72183,0.59659,0.64915,0.59267,0.8789600000000001,0.80315,0.63569,0.596,0.5403899999999999,0.50163,0.70367,0.91491,0.88645,0.68613,0.65696,0.8510200000000001,0.4697,0.5230899999999999,0.58295,0.57386,0.79151,0.64674,0.65213,0.6299399999999999,0.6310399999999999,0.69058,0.62366,0.70524,0.52304,0.58991,0.5946899999999999,0.8488,0.6180399999999999,0.54,0.44006000000000006,0.66189,0.68098,0.49373999999999996,0.66157,0.64718,0.5544899999999999,0.05108,0.49759,0.54504,0.40306,0.60712,0.6353300000000001,0.73561,0.23573000000000002,0.67602,0.6458,0.7936300000000001,0.63952,0.47036000000000006,0.5947100000000001,0.73007,0.7076600000000001,0.5766899999999999,0.55469,0.80029,0.76171,0.67608,0.5838300000000001,0.5311899999999999,0.59577,0.56844,0.52989,0.64232,0.58628,0.51076,0.18611,0.29681,0.1595,0.23165,0.45091000000000003,0.27494,0.188,0.50073,0.34578000000000003,0.0,0.28639000000000003,0.30146999999999996,0.64083,0.34752,0.3988,0.64035,0.29364,0.62007,0.12697999999999998,0.67806,0.5211600000000001,0.31048000000000003,0.16347,0.28212,0.19625,0.40457,0.3494,0.26161999999999996,0.42494,0.35700000000000004,0.37109000000000003,0.038239999999999996,0.18829,0.04476,0.21297,0.17344,0.31865,0.21028000000000002,0.6299399999999999,0.15747,0.24811
2016,freedom,0.58557,0.56624,0.5794100000000001,0.59609,0.5737,0.57104,0.55211,0.58218,0.5814699999999999,0.5683699999999999,0.36432,0.55225,0.54355,0.37709000000000004,0.48163,0.40425,0.5487,0.54008,0.51354,0.56215,0.50036,0.19847,0.4877,0.48927,0.53466,0.37789,0.56679,0.46562,0.42283999999999994,0.41418,0.54388,0.44735,0.49553,0.37904,0.37545,0.54994,0.43166000000000004,0.37269,0.50379,0.60848,0.23390999999999998,0.46761,0.25168,0.4027,0.47375,0.18827,0.50961,0.25201999999999997,0.46235,0.4052,0.53164,0.18929,0.46581999999999996,0.37501999999999996,0.29091,0.4519,0.39031,0.23906999999999998,0.40671999999999997,0.32682,0.43596999999999997,0.29507,0.21006,0.14396,0.37408,0.46145,0.41511000000000003,0.39237,0.5595399999999999,0.23889000000000002,0.40212,0.27854,0.46074,0.35327,0.14622000000000002,0.36023,0.15111,0.44011999999999996,0.42662,0.36712,0.15718,0.44727,0.27996,0.5485399999999999,0.25645999999999997,0.31866,0.09511,0.52259,0.35972,0.05822000000000001,0.26228,0.1977,0.26755,0.43408,0.23553000000000002,0.17744000000000001,0.39778,0.22544,0.12859,0.24856,0.42483000000000004,0.40973000000000004,0.25429,0.25748000000000004,0.40285,0.12072000000000001,0.15602,0.37012,0.36703,0.30685,0.1268,0.40576,0.14037,0.44088999999999995,0.42691999999999997,0.32461,0.4143,0.50817,0.42736,0.21219000000000002,0.18847,0.2287,0.27544,0.37938,0.43653000000000003,0.31056,0.28098,0.38040999999999997,0.5885199999999999,0.3176,0.13684000000000002,0.12807000000000002,0.30953,0.40663,0.3337,0.1643,0.5432,0.39747,0.06912,0.0432,0.34678000000000003
2016,trust,0.41203,0.14975,0.44453000000000004,0.35775999999999997,0.31329,0.41003999999999996,0.29927,0.40867,0.41903999999999997,0.32331,0.08728,0.10547000000000001,0.21348000000000003,0.18355,0.14868,0.14165999999999998,0.35329,0.29754,0.26248,0.35561,0.27399,0.08304,0.46986999999999995,0.08423,0.28551,0.11450999999999999,0.48049,0.17808,0.07296,0.03986,0.21394000000000002,0.053989999999999996,0.02833,0.30008,0.06137000000000001,0.17554,0.23669,0.10613,0.08701,0.28333,0.02947,0.18985,0.07716,0.18037,0.25772,0.02556,0.07746,0.019030000000000002,0.07396,0.11132,0.03635,0.0182,0.16292,0.05292,0.17457,0.055,0.09081,0.04002,0.10339000000000001,0.03586,0.04294,0.05227999999999999,0.16157,0.06547,0.28467,0.05202999999999999,0.18519000000000002,0.00322,0.11556,0.12347999999999999,0.047619999999999996,0.0305,0.1616,0.17914000000000002,0.1388,0.13297,0.12721,0.02745,0.11479,0.006790000000000001,0.04339,0.01521,0.0889,0.11757000000000001,0.08404,0.05301,0.0,0.12372000000000001,0.03285,0.04127,0.030610000000000002,0.044719999999999996,0.06906,0.13509000000000002,0.0817,0.10613,0.12583,0.0557,0.01829,0.13635999999999998,0.08415,0.0326,0.08582000000000001,0.04852,0.08722,0.14476,0.06075,0.07007999999999999,0.1717,0.08196,0.17955,0.06686,0.036160000000000005,0.10769000000000001,0.20243,0.3188,0.07564,0.07964,0.06126,0.00615,0.10393,0.05892000000000001,0.13647,0.09752999999999999,0.06442,0.11681,0.09314,0.17176,0.08092,0.05099,0.07506,0.04952,0.1192,0.1553,0.12533,0.07112,0.50521,0.06681000000000001,0.17232999999999998,0.09419,0.11587
2016,generosity,0.28083,0.47678000000000004,0.36171,0.37895,0.44833999999999996,0.25492,0.47416,0.38254,0.49401000000000006,0.47407,0.32288,0.22553,0.32865,0.11735,0.41076999999999997,0.15775999999999998,0.27571,0.44963000000000003,0.2424,0.26591,0.50156,0.0425,0.32706,0.2418,0.30451999999999996,0.31595,0.32388,0.1216,0.10989000000000002,0.09929,0.18056,0.15625999999999998,0.58696,0.15457,0.17665,0.56237,0.15965,0.08877,0.28808,0.34326,0.13837,0.10224,0.18824000000000002,0.10074,0.17147,0.16684000000000002,0.21698,0.19997,0.25296,0.15011,0.25738,0.02025,0.29773,0.14527,0.13942000000000002,0.14443,0.41473999999999994,0.18434,0.17087,0.027360000000000002,0.22245,0.27906,0.07044,0.27992,0.22566999999999998,0.36951,0.08423,0.56521,0.25075,0.04707,0.38432,0.23219,0.48546000000000006,0.0564,0.31185,0.14262,0.17190999999999998,0.049589999999999995,0.17865999999999999,0.12889,0.20736999999999997,0.11690999999999999,0.17445,0.21674000000000002,0.040530000000000004,0.1684,0.29889,0.21286,0.34539000000000003,0.0,0.23693000000000003,0.099,0.2044,0.25998000000000004,0.03936,0.11154000000000001,0.19132000000000002,0.38538,0.20363,0.19589,0.13656,0.21203000000000002,0.18503,0.24063,0.25028,0.47958,0.25458000000000003,0.3816,0.29522,0.23897,0.22685999999999998,0.41328000000000004,0.07793,0.12425,0.81971,0.06786,0.30968,0.46978000000000003,0.2268,0.12793,0.12705999999999998,0.09821,0.21064000000000002,0.12077,0.27102,0.19103,0.062439999999999996,0.2097,0.40339,0.31472,0.2204,0.18667,0.29914,0.20338,0.24353000000000002,0.31268,0.23551999999999998,0.2018,0.48396999999999996,0.2029,0.17517
2017,rank,4.0,3.0,2.0,1.0,7.0,5.0,6.0,9.0,8.0,10.0,11.0,12.0,13.0,25.0,14.0,22.0,18.0,15.0,17.0,21.0,19.0,82.0,26.0,30.0,16.0,20.0,35.0,31.0,24.0,23.0,28.0,36.0,32.0,37.0,34.0,27.0,39.0,45.0,29.0,47.0,40.0,51.0,55.0,44.0,41.0,48.0,58.0,56.0,70.0,60.0,62.0,52.0,43.0,63.0,67.0,46.0,42.0,77.0,68.0,49.0,76.0,65.0,53.0,78.0,59.0,64.0,66.0,81.0,94.0,69.0,98.0,95.0,97.0,85.0,80.0,74.0,83.0,79.0,116.0,57.0,73.0,89.0,54.0,72.0,84.0,109.0,90.0,86.0,100.0,87.0,88.0,75.0,91.0,96.0,102.0,103.0,110.0,108.0,132.0,117.0,101.0,131.0,138.0,148.0,122.0,145.0,126.0,99.0,119.0,106.0,123.0,112.0,121.0,142.0,114.0,125.0,136.0,120.0,107.0,105.0,104.0,146.0,127.0,124.0,133.0,115.0,118.0,135.0,129.0,153.0,144.0,137.0,149.0,128.0,134.0,141.0,151.0,143.0,152.0,154.0,150.0
2017,score,7.49399995803833,7.50400018692017,7.52199983596802,7.537000179290769,7.31599998474121,7.468999862670901,7.3769998550415,7.28399991989136,7.31400012969971,7.28399991989136,7.212999820709231,7.0789999961853,7.00600004196167,6.57800006866455,6.993000030517581,6.6350002288818395,6.86299991607666,6.9770002365112305,6.89099979400635,6.6479997634887695,6.71400022506714,5.25,6.57200002670288,6.4520001411438,6.9510002136230495,6.65199995040894,6.375,6.44199991226196,6.59899997711182,6.60900020599365,6.4539999961853,6.35699987411499,6.4239997863769505,6.343999862670901,6.40299987792969,6.52699995040894,6.10500001907349,6.002999782562259,6.4539999961853,5.97100019454956,6.09800004959106,5.92000007629395,5.837999820709231,6.00799989700317,6.08699989318848,5.96400022506714,5.82299995422363,5.837999820709231,5.493000030517581,5.8189997673034695,5.75799989700317,5.90199995040894,6.07100009918213,5.71500015258789,5.5689997673034695,5.97300004959106,6.08400011062622,5.2930002212524405,5.525000095367429,5.962999820709231,5.31099987030029,5.62099981307983,5.872000217437741,5.27899980545044,5.82200002670288,5.62900018692017,5.61100006103516,5.26200008392334,5.07399988174438,5.5,5.0040001869201705,5.07399988174438,5.01100015640259,5.234000205993651,5.26900005340576,5.33599996566772,5.23699998855591,5.2729997634887695,4.513999938964839,5.824999809265139,5.39499998092651,5.19500017166138,5.849999904632571,5.42999982833862,5.2350001335144,4.64400005340576,5.18200016021729,5.230000019073491,4.95499992370605,5.2270002365112305,5.22499990463257,5.32399988174438,5.1810002326965305,5.04099988937378,4.80499982833862,4.77500009536743,4.60799980163574,4.69199991226196,4.09600019454956,4.49700021743774,4.8289999961853,4.11999988555908,3.875,3.5329999923706095,4.31500005722046,3.6029999256133998,4.2800002098083505,4.961999893188481,4.46000003814697,4.70900011062622,4.29199981689453,4.55299997329712,4.37599992752075,3.7660000324249303,4.54500007629395,4.28599977493286,3.97000002861023,4.44000005722046,4.69500017166138,4.71400022506714,4.7350001335144,3.59299993515015,4.19000005722046,4.29099988937378,4.08099985122681,4.53499984741211,4.46500015258789,4.02799987792969,4.1680002212524405,3.34899997711182,3.64400005340576,3.9360001087188703,3.50699996948242,4.17999982833862,4.03200006484985,3.7939999103546103,3.47099995613098,3.65700006484985,3.46199989318848,2.90499997138977,3.4949998855590803
2017,economy,1.5649795532226598,1.480633020401,1.48238301277161,1.6164631843566901,1.47920441627502,1.44357192516327,1.50394463539124,1.49438726902008,1.40570604801178,1.4844149351120002,1.3753824234008798,1.10970628261566,1.4870972633361799,1.1531838178634601,1.54625928401947,1.1073532104492199,1.74194359779358,1.5357066392898602,1.4637807607650801,1.6263433694839498,1.44163393974304,1.12843120098114,1.69227766990662,1.23374843597412,1.48792338371277,1.25278460979462,1.8707656860351598,1.43092346191406,1.18529546260834,1.35268235206604,1.2175596952438401,1.07062232494354,1.12786877155304,1.53062355518341,1.38439786434174,1.34327983856201,1.63295245170593,0.9097844958305359,0.872001945972443,0.786441087722778,1.32539355754852,1.41691517829895,1.40167844295502,1.00082039833069,1.4884122610092199,1.3950666189193701,0.833756566047668,0.7288706302642819,0.932537317276001,1.2845562696456898,1.3412059545516999,1.3145823478698702,0.737299203872681,1.0352252721786501,1.15655755996704,1.29178786277771,1.29121541976929,1.22255623340607,1.1018030643463101,1.28177809715271,0.925579309463501,1.3559380769729599,1.09186446666718,0.951484382152557,1.1307767629623402,1.1893955469131499,1.3208793401718102,0.995538592338562,0.7885475754737851,1.1982743740081798,0.5962200760841371,0.783756256103516,0.885416388511658,1.1536017656326298,0.7268835306167599,0.9910123944282528,1.12112903594971,1.08116579055786,0.6364067792892459,1.21768391132355,1.06931757926941,1.3151752948761002,1.26074862480164,0.85769921541214,0.8781145811080929,0.996192753314972,0.982409417629242,1.07937383651733,1.0272358655929599,1.28948748111725,1.07498753070831,1.2860119342803997,0.730573117733002,0.524713635444641,1.00726580619812,0.716249227523804,0.586682975292206,1.15687310695648,0.89465194940567,1.1027104854583702,1.05469870567322,0.667224824428558,0.37584653496742204,0.11904179304838199,0.7922212481498722,0.368610262870789,0.0921023488044739,0.479820191860199,0.339233845472336,0.36842092871666,0.6484572887420649,0.560479462146759,0.900596737861633,1.12209415435791,0.36711055040359497,0.950612664222717,0.233442038297653,1.00985014438629,0.564305365085602,1.1614590883255,0.989701807498932,0.5916834473609921,0.476180493831635,0.8089642524719242,0.381430715322495,0.479309022426605,1.1982102394104,0.16192533075809498,0.6017650961875921,0.511135876178741,0.305808693170547,0.43801298737525896,0.24454993009567302,0.6030489206314089,0.35022771358490007,0.401477217674255,0.368745893239975,0.43108540773391707,0.777153134346008,0.09162256866693501,0.30544471740722695
2017,family,1.51691174507141,1.6105740070343,1.55112159252167,1.53352355957031,1.48134899139404,1.5402467250824,1.42893922328949,1.47816216945648,1.54819512367249,1.5100419521331798,1.37628996372223,1.4164036512374898,1.4599449634552,1.2108621597290001,1.4199205636978103,1.43130600452423,1.45758366584778,1.5582311153411899,1.4623126983642598,1.2664102315902699,1.4964600801467902,1.43133759498596,1.35381436347961,1.3731925487518302,1.47252035140991,1.28402495384216,1.27429687976837,1.38777685165405,1.44045114517212,1.4338852167129499,1.4122278690338101,1.4021829366683998,1.4257924556732198,1.28667759895325,1.53209090232849,1.48841166496277,1.25969874858856,1.1821250915527302,1.25558519363403,1.5489691495895401,1.5050592422485398,1.43633782863617,1.1282744407653797,1.2861688137054401,1.3231104612350502,1.44492328166962,1.2276190519332901,1.25182557106018,1.50728487968445,1.3843690156936599,1.4525188207626298,1.47351610660553,1.28721570968628,1.21877038478851,1.4449452161788898,1.44571197032928,1.28464603424072,0.9679830074310299,1.3575643301010099,1.46928238868713,1.3682180643081698,1.13136327266693,1.1462174654007,1.1378535032272301,1.49314916133881,1.20956099033356,1.47667109966278,1.2744446992874099,1.27749133110046,1.33775317668915,1.39423859119415,1.21577048301697,1.3401265144348102,1.15240025520325,0.6726906895637509,1.2390888929367099,1.23837649822235,1.16083741188049,1.00318729877472,1.15009129047394,1.2581897974014298,1.36704301834106,1.40471494197845,1.25391757488251,0.774864435195923,0.8036852478981021,1.0693359375,1.4024167060852097,1.4930112361908001,1.23941457271576,1.1296242475509601,1.34313309192657,1.14394497871399,1.27146327495575,0.8683514595031742,1.1556471586227401,0.735131740570068,0.7115512490272521,1.39453756809235,0.978613197803497,1.38478863239288,0.873664736747742,1.08309590816498,0.8721179366111759,0.754372596740723,0.640449821949005,1.22902345657349,1.17928326129913,0.8646692037582401,0.984136044979095,1.2720308303833001,1.0679507255554201,1.00748372077942,1.2215549945831299,1.12323594093323,0.57061493396759,0.5125688314437871,1.25997638702393,0.946018218994141,1.4343794584274299,0.997471392154694,0.93538224697113,1.2814733982086202,0.8320443630218509,1.12982773780823,1.17969191074371,1.1556202173233001,0.993025004863739,1.00623834133148,1.04198980331421,0.9130203723907471,0.953855872154236,0.7912446856498722,0.904780030250549,1.04328000545502,0.581543326377869,0.945707023143768,0.43529984354972795,0.396102607250214,0.629793584346771,0.4318825304508211
2017,health,0.858131289482117,0.8335521221160892,0.7925655245780941,0.796666502952576,0.83455765247345,0.80915766954422,0.8106961250305179,0.830875158309937,0.816759705543518,0.84388679265976,0.83840399980545,0.7595092654228209,0.8153284192085269,0.709978997707367,0.7742866277694699,0.6165523529052729,0.845089495182037,0.8097826242446899,0.8180918693542479,0.726798236370087,0.805335938930511,0.617144227027893,0.9494923949241642,0.706156134605408,0.798950731754303,0.8194797039031979,0.7100980877876278,0.8444658517837521,0.695137083530426,0.754444003105164,0.719216823577881,0.595027923583984,0.647239029407501,0.590148329734802,0.888960599899292,0.821944236755371,0.6321057081222529,0.596018552780151,0.540239989757538,0.498272627592087,0.712732911109924,0.9134758710861209,0.900214076042175,0.685636222362518,0.653133034706116,0.8531443476676941,0.47363024950027505,0.5894652009010309,0.579250693321228,0.6060415506362921,0.7908282279968258,0.62894994020462,0.6530959606170649,0.6301661133766171,0.6377142667770389,0.699475347995758,0.618784427642822,0.701288521289825,0.520169019699097,0.547349333763123,0.6410223841667181,0.84471470117569,0.6175846457481379,0.541452050209045,0.437726080417633,0.6380074620246889,0.695168316364288,0.49234572052955605,0.6521689891815191,0.6376056075096129,0.553457796573639,0.0569157302379608,0.495879292488098,0.5407757759094239,0.40204778313636796,0.6045900583267211,0.6674646735191351,0.741415500640869,0.25783589482307395,0.6851583123207089,0.65078467130661,0.795843541622162,0.638566970825195,0.46800905466079706,0.59771066904068,0.731159746646881,0.705186307430267,0.574873745441437,0.557783484458923,0.8101989030838009,0.7350810766220089,0.6877634525299069,0.582569479942322,0.5292351245880129,0.613212049007416,0.565666973590851,0.533241033554077,0.639333188533783,0.575903952121735,0.501180469989777,0.18708007037639604,0.29563772678375205,0.19676375389099102,0.229918196797371,0.455427616834641,0.277321130037308,0.191407024860382,0.504130780696869,0.35340970754623396,0.005564753897488121,0.285349279642105,0.30998834967613204,0.637524425983429,0.34175550937652605,0.397522568702698,0.649546980857849,0.315089583396912,0.625130832195282,0.132892116904259,0.708217680454254,0.520187258720398,0.310080915689468,0.16936567425727803,0.28995743393898,0.21763260662555703,0.409362852573395,0.35657858848571794,0.26850500702858,0.429783403873444,0.364509284496307,0.375223308801651,0.0411347150802612,0.194129139184952,0.0486421696841717,0.21584425866603896,0.18074677884578697,0.326424807310104,0.20993021130561804,0.5005333423614501,0.151610791683197,0.247105568647385
2017,freedom,0.620070576667786,0.6271626353263849,0.626006722450256,0.635422587394714,0.611100912094116,0.6179508566856379,0.5853844881057739,0.612924098968506,0.6140621304512021,0.601607382297516,0.40598860383033797,0.580131649971008,0.567766189575195,0.412730008363724,0.505740523338318,0.437453746795654,0.59662789106369,0.5731103420257571,0.5397707223892211,0.60834527015686,0.508190035820007,0.15399712324142498,0.549840569496155,0.550026834011078,0.562511384487152,0.376895278692245,0.604130983352661,0.470222115516663,0.49451920390129106,0.49094617366790794,0.5793922543525699,0.47748741507530196,0.580200731754303,0.449750572443008,0.408781230449677,0.588767051696777,0.49633759260177596,0.432452529668808,0.5313106179237371,0.6582486629486078,0.295817464590073,0.505625545978546,0.257921665906906,0.4551981985569,0.536746919155121,0.256450712680817,0.5587329268455511,0.24072904884815197,0.473507791757584,0.43745428323745705,0.572575807571411,0.234231784939766,0.447551846504211,0.45000287890434293,0.295400261878967,0.520342111587524,0.40226498246192893,0.255772292613983,0.465733230113983,0.373783111572266,0.474307239055634,0.35511153936386103,0.233335807919502,0.260287940502167,0.41827192902565,0.491247326135635,0.479131430387497,0.443323463201523,0.571055591106415,0.300740599632263,0.454943388700485,0.394952565431595,0.5015376806259161,0.39815583825111406,0.23521526157856,0.418421149253845,0.194989055395126,0.47278770804405196,0.461603492498398,0.457003742456436,0.20871552824974102,0.498465299606323,0.32570791244506797,0.585214674472809,0.408158332109451,0.381498634815216,0.204403176903725,0.55258983373642,0.39414396882057207,0.0957312509417534,0.28851598501205394,0.17586351931095098,0.348079860210419,0.47156670689582797,0.289680689573288,0.25471106171608,0.478356659412384,0.24932260811328896,0.12297477573156401,0.288555532693863,0.479246735572815,0.423026293516159,0.336384207010269,0.33288118243217496,0.469987004995346,0.0303698573261499,0.235961347818375,0.44030594825744607,0.408842742443085,0.318697690963745,0.0960980430245399,0.45276376605033897,0.198303267359734,0.505196332931519,0.514492034912109,0.309410035610199,0.466914653778076,0.561213254928589,0.430388748645782,0.28923171758651695,0.28211015462875394,0.24946372210979503,0.306613743305206,0.4350258708000179,0.443185955286026,0.37792226672172496,0.31232857704162603,0.36365869641304,0.633375823497772,0.390017777681351,0.18919676542282102,0.16234202682972002,0.348587512969971,0.4477061927318571,0.32436785101890603,0.106179520487785,0.5818438529968261,0.42596277594566295,0.0815394446253777,0.0599007532000542,0.38042613863945
2017,trust,0.36700728535652205,0.15352655947208402,0.40077006816863997,0.31596383452415505,0.287371516227722,0.38261154294014,0.282661825418472,0.384398728609085,0.38281670212745705,0.301183730363846,0.0852421000599861,0.100106589496136,0.22106036543846105,0.132774114608765,0.135638788342476,0.11109276115894301,0.31883442401886,0.29838815331459007,0.251343131065369,0.324489563703537,0.265428066253662,0.0644911229610443,0.46430778503417997,0.070983923971653,0.276731938123703,0.0822879821062088,0.43929925560951205,0.172502428293228,0.05973988771438599,0.0368729270994663,0.17806187272071802,0.0466687418520451,0.0316127352416515,0.27343225479126004,0.0709140971302986,0.153066068887711,0.21515955030918102,0.0899809598922729,0.0772232785820961,0.246528223156929,0.0242108516395092,0.163760736584663,0.0632826685905457,0.140134647488594,0.257042169570923,0.0280280914157629,0.0604777261614799,0.0100912861526012,0.091065913438797,0.11928288638591802,0.0451289787888527,0.0118656428530812,0.130687981843948,0.0470490865409374,0.156313821673393,0.0593078061938286,0.0656007081270218,0.0431031100451946,0.0926102101802826,0.0329628810286522,0.0552677810192108,0.0412379764020443,0.14609611034393302,0.0574716180562973,0.25927034020423895,0.0421815551817417,0.18324892222881303,0.0153171354904771,0.0876332372426987,0.0996715798974037,0.0394391790032387,0.0261215660721064,0.17338038980960802,0.180987507104874,0.12434806674718901,0.11980327218771002,0.0881741940975189,0.0227942746132612,0.0782135501503944,0.0043879006989300294,0.0409037806093693,0.0158694516867399,0.0738427266478539,0.0993318930268288,0.0877631828188896,0.0398642159998417,0.0,0.113945253193378,0.0329022891819477,0.043289776891470004,0.037513829767704,0.0366369374096394,0.0733454525470734,0.14637714624404902,0.0867231488227844,0.0892826020717621,0.123717859387398,0.048761073499918005,0.0230294708162546,0.10721575468778599,0.0725094974040985,0.0253363698720932,0.0953753814101219,0.0389482490718365,0.0922268852591515,0.0998721495270729,0.0602413564920425,0.0729755461215973,0.16545571386814098,0.0710951760411263,0.136957004666328,0.0646413192152977,0.0266744215041399,0.0985831990838051,0.188816204667091,0.25166663527488703,0.0727116540074348,0.0736539661884308,0.0513066314160824,0.0110515309497714,0.114381365478039,0.0567674227058887,0.10497024655342098,0.0796181336045265,0.057069718837738,0.11546044796705199,0.0760467872023582,0.13857294619083402,0.0681059509515762,0.0660351067781448,0.0672319754958153,0.0535818822681904,0.110937617719173,0.130061775445938,0.12032810598611803,0.0611578300595284,0.455220013856888,0.0609290152788162,0.15134713053703303,0.0841479450464249,0.0956650152802467
2017,generosity,0.29054927825927696,0.47554022073745705,0.3552804887294771,0.36201223731041,0.435539722442627,0.24548277258873,0.47048982977867104,0.38539925217628496,0.500005125999451,0.47769924998283403,0.330082654953003,0.21461322903633104,0.316472321748734,0.12099043279886199,0.392578780651093,0.16234989464282998,0.283180981874466,0.42785832285881,0.23150333762168898,0.3609419465065,0.492774158716202,0.0650196298956871,0.345965981483459,0.21055693924427,0.33626917004585305,0.3266624212265011,0.33047387003898604,0.129762306809425,0.109457060694695,0.0881067588925362,0.175096929073334,0.14901447296142598,0.572123110294342,0.147616013884544,0.190133571624756,0.5747305750846861,0.228289797902107,0.0782579854130745,0.283488392829895,0.41598364710807795,0.136544480919838,0.12057276815175999,0.206674367189407,0.15011246502399403,0.17266848683357197,0.17278964817523998,0.22556072473526,0.20877912640571603,0.224150657653809,0.20196442306041698,0.242649093270302,0.010164656676352,0.301674216985703,0.126819714903831,0.15513750910759,0.158465966582298,0.416608929634094,0.248002976179123,0.15207366645336198,0.0522638224065304,0.23381833732128102,0.271254301071167,0.0694366469979286,0.319931447505951,0.24992498755454998,0.360933750867844,0.0988908112049103,0.611704587936401,0.23496805131435397,0.0466930419206619,0.42858037352562,0.23094719648361198,0.474054545164108,0.0452693402767181,0.31544601917266807,0.17217046022415197,0.197911024093628,0.0288068410009146,0.249580144882202,0.133519917726517,0.22012588381767298,0.0951027125120163,0.153074786067009,0.193513423204422,0.0322099551558495,0.20131294429302202,0.328867495059967,0.186967849731445,0.338464230298996,0.0,0.26445075869560203,0.0784016624093056,0.23618887364864302,0.24899764358997303,0.0496933571994305,0.114173173904419,0.17225535213947304,0.387242913246155,0.270061463117599,0.19963726401329,0.13936237990856198,0.25692394375801103,0.189143493771553,0.26654988527298,0.23153848946094502,0.48920378088951094,0.246455833315849,0.39409616589546204,0.31265074014663696,0.293040901422501,0.201870024204254,0.444860309362411,0.0834880918264389,0.0993484482169151,0.8380751609802249,0.0540088154375553,0.28717046976089505,0.49086356163024897,0.23629845678806302,0.113177694380283,0.128631442785263,0.104125209152699,0.183354198932648,0.12085212767124198,0.32576605677604703,0.183468893170357,0.0437853783369064,0.22867384552955602,0.385922968387604,0.354256361722946,0.208732530474663,0.21611385047435802,0.264815092086792,0.201237469911575,0.250864684581757,0.311870932579041,0.25275602936744695,0.207948461174965,0.49366372823715204,0.20443518459796897,0.19689615070819896
2018,rank,5.0,4.0,3.0,2.0,7.0,1.0,6.0,9.0,8.0,10.0,19.0,13.0,12.0,24.0,18.0,28.0,17.0,14.0,16.0,20.0,11.0,102.0,34.0,27.0,15.0,25.0,32.0,23.0,29.0,21.0,31.0,37.0,46.0,33.0,36.0,22.0,45.0,40.0,30.0,44.0,39.0,54.0,57.0,48.0,43.0,47.0,62.0,67.0,64.0,60.0,51.0,50.0,41.0,65.0,73.0,42.0,35.0,82.0,70.0,59.0,56.0,61.0,84.0,66.0,68.0,55.0,63.0,96.0,95.0,74.0,92.0,91.0,97.0,87.0,75.0,90.0,81.0,86.0,125.0,52.0,78.0,77.0,53.0,71.0,85.0,112.0,93.0,83.0,94.0,79.0,80.0,69.0,72.0,88.0,111.0,104.0,115.0,106.0,138.0,117.0,105.0,108.0,144.0,149.0,133.0,148.0,132.0,101.0,127.0,113.0,126.0,124.0,129.0,146.0,130.0,128.0,147.0,116.0,99.0,100.0,122.0,152.0,118.0,114.0,135.0,109.0,103.0,134.0,120.0,153.0,143.0,131.0,140.0,107.0,121.0,145.0,151.0,136.0,150.0,156.0,139.0
2018,score,7.487,7.495,7.555,7.593999999999999,7.327999999999999,7.632000000000001,7.441,7.314,7.324,7.272,6.814,7.072,7.138999999999999,6.4879999999999995,6.886,6.419,6.91,6.977,6.9270000000000005,6.774,7.19,4.806,6.343,6.43,6.965,6.476,6.374,6.489,6.388,6.711,6.379,6.26,6.072,6.371,6.31,6.627000000000001,6.082999999999999,6.167000000000001,6.382000000000001,6.096,6.172999999999999,5.915,5.875,5.973,6.105,6.0,5.752000000000001,5.64,5.681,5.79,5.9479999999999995,5.952000000000001,6.141,5.662999999999999,5.483,6.122999999999999,6.322,5.321000000000001,5.566,5.81,5.89,5.7620000000000005,5.295,5.662000000000001,5.636,5.891,5.739,5.093,5.103,5.483,5.131,5.155,5.082,5.2010000000000005,5.472,5.1610000000000005,5.347,5.246,4.377,5.945,5.398,5.41,5.933,5.524,5.254,4.586,5.129,5.3020000000000005,5.125,5.358,5.358,5.62,5.504,5.199,4.592,4.743,4.5,4.707,4.103,4.456,4.724,4.657,3.6919999999999997,3.495,4.19,3.582,4.245,4.88,4.35,4.571000000000001,4.356,4.41,4.321000000000001,3.59,4.308,4.34,3.5869999999999997,4.471,4.975,4.933,4.419,3.355,4.447,4.559,4.1610000000000005,4.631,4.758,4.166,4.433,3.303,3.7739999999999996,4.301,3.964,4.671,4.4239999999999995,3.6319999999999997,3.408,4.141,3.4619999999999997,2.905,3.9989999999999997
2018,economy,1.42,1.3430000000000002,1.351,1.456,1.33,1.305,1.361,1.355,1.268,1.34,1.301,1.01,1.341,1.038,1.3980000000000001,0.986,1.5759999999999998,1.4480000000000002,1.324,2.096,1.244,0.996,1.5290000000000001,1.112,1.34,1.131,1.649,1.2930000000000001,1.073,1.2329999999999999,1.093,0.96,1.016,1.379,1.251,1.27,1.474,0.8059999999999999,0.7809999999999999,0.7190000000000001,1.21,1.294,1.266,0.889,1.338,1.264,0.7509999999999999,0.657,0.835,1.143,1.219,1.197,0.6679999999999999,0.934,1.0390000000000001,1.176,1.161,1.115,0.985,1.151,0.8190000000000001,1.229,0.9790000000000001,0.855,1.016,1.09,1.2,0.899,0.715,1.148,0.53,0.6890000000000001,0.7959999999999999,1.024,0.652,0.8220000000000001,1.0170000000000001,0.9890000000000001,0.562,1.1159999999999999,0.975,1.188,1.148,0.775,0.779,0.9159999999999999,0.915,0.982,0.914,1.1540000000000001,0.965,1.171,0.62,0.474,0.9,0.642,0.532,1.0590000000000002,0.7929999999999999,1.01,0.94,0.5920000000000001,0.35700000000000004,0.076,0.721,0.315,0.069,0.425,0.308,0.256,0.557,0.493,0.816,1.0170000000000001,0.682,0.853,0.18600000000000003,0.9179999999999999,0.535,1.054,0.885,0.442,0.37,0.682,0.322,0.429,1.036,0.131,0.5489999999999999,0.455,0.262,0.358,0.344,0.541,0.314,0.332,0.332,0.37799999999999995,0.6890000000000001,0.091,0.259
2018,family,1.5490000000000002,1.6440000000000001,1.59,1.5819999999999999,1.5319999999999998,1.5919999999999999,1.4880000000000002,1.501,1.601,1.5730000000000002,1.5590000000000002,1.459,1.504,1.252,1.4709999999999999,1.474,1.52,1.5830000000000002,1.483,0.7759999999999999,1.433,1.469,1.4509999999999998,1.4380000000000002,1.474,1.331,1.3030000000000002,1.466,1.4680000000000002,1.489,1.459,1.439,1.4169999999999998,1.331,1.538,1.525,1.301,1.2309999999999999,1.268,1.584,1.537,1.462,1.204,1.33,1.3659999999999999,1.501,1.2229999999999999,1.301,1.5219999999999998,1.516,1.506,1.527,1.319,1.249,1.4980000000000002,1.4480000000000002,1.258,1.161,1.35,1.479,1.493,1.1909999999999998,1.1540000000000001,1.23,1.5330000000000001,1.3869999999999998,1.5319999999999998,1.215,1.365,1.38,1.416,1.172,1.335,1.161,0.81,1.265,1.2790000000000001,1.1420000000000001,1.047,1.219,1.369,1.429,1.454,1.3119999999999998,0.797,0.8170000000000001,1.078,1.4409999999999998,1.517,1.202,1.179,1.401,1.205,1.166,0.9059999999999999,1.217,0.85,0.7709999999999999,1.413,0.971,1.41,0.8959999999999999,1.094,0.858,0.747,0.7140000000000001,1.136,1.228,0.95,0.813,1.245,1.048,0.99,1.1740000000000002,1.1740000000000002,0.5920000000000001,0.541,1.314,0.8909999999999999,1.515,1.025,1.073,1.2329999999999999,0.8109999999999999,1.09,1.117,1.1640000000000001,0.867,1.088,0.991,0.9079999999999999,0.907,0.792,0.872,1.097,0.537,0.8959999999999999,0.37200000000000005,0.382,0.627,0.474
2018,health,0.927,0.914,0.868,0.861,0.8959999999999999,0.8740000000000001,0.878,0.9129999999999999,0.8759999999999999,0.91,0.883,0.8170000000000001,0.8909999999999999,0.7609999999999999,0.8190000000000001,0.675,0.8959999999999999,0.8759999999999999,0.894,0.67,0.888,0.657,1.008,0.759,0.861,0.8079999999999999,0.748,0.9079999999999999,0.7440000000000001,0.8540000000000001,0.7709999999999999,0.635,0.7070000000000001,0.633,0.965,0.884,0.675,0.639,0.608,0.605,0.7759999999999999,0.988,0.955,0.736,0.698,0.946,0.508,0.62,0.615,0.631,0.856,0.716,0.7,0.674,0.7,0.7809999999999999,0.669,0.737,0.5529999999999999,0.599,0.693,0.909,0.687,0.578,0.517,0.684,0.737,0.522,0.7020000000000001,0.6859999999999999,0.594,0.048,0.527,0.603,0.424,0.645,0.7290000000000001,0.799,0.295,0.726,0.685,0.884,0.6709999999999999,0.513,0.669,0.79,0.758,0.614,0.575,0.879,0.785,0.732,0.622,0.598,0.69,0.602,0.579,0.691,0.609,0.536,0.33,0.337,0.248,0.267,0.485,0.289,0.204,0.539,0.391,0.0,0.292,0.45399999999999996,0.6659999999999999,0.41700000000000004,0.429,0.643,0.306,0.672,0.182,0.7120000000000001,0.5529999999999999,0.34299999999999997,0.152,0.34299999999999997,0.237,0.433,0.40399999999999997,0.221,0.457,0.381,0.402,0.053,0.21100000000000002,0.08,0.254,0.255,0.4,0.24,0.539,0.145,0.253
2018,freedom,0.66,0.677,0.6829999999999999,0.6859999999999999,0.653,0.6809999999999999,0.638,0.659,0.669,0.647,0.5329999999999999,0.632,0.617,0.479,0.547,0.493,0.632,0.614,0.583,0.284,0.46399999999999997,0.133,0.631,0.597,0.586,0.431,0.654,0.52,0.57,0.5429999999999999,0.625,0.531,0.637,0.509,0.449,0.645,0.5539999999999999,0.461,0.604,0.7240000000000001,0.354,0.5529999999999999,0.244,0.556,0.594,0.281,0.606,0.23199999999999998,0.541,0.45399999999999996,0.633,0.35,0.527,0.53,0.307,0.546,0.35600000000000004,0.38,0.496,0.39899999999999997,0.575,0.423,0.077,0.44799999999999995,0.41700000000000004,0.584,0.5529999999999999,0.5379999999999999,0.618,0.324,0.54,0.462,0.541,0.43,0.33399999999999996,0.46799999999999997,0.259,0.597,0.503,0.528,0.28800000000000003,0.562,0.363,0.643,0.46,0.419,0.28,0.578,0.395,0.131,0.503,0.259,0.45899999999999996,0.292,0.271,0.266,0.58,0.45899999999999996,0.163,0.304,0.516,0.499,0.406,0.419,0.539,0.025,0.312,0.526,0.452,0.355,0.129,0.504,0.26,0.557,0.58,0.375,0.531,0.585,0.45399999999999996,0.359,0.312,0.244,0.36700000000000005,0.514,0.45,0.406,0.35600000000000004,0.39,0.696,0.48100000000000004,0.221,0.18899999999999997,0.39399999999999996,0.467,0.312,0.085,0.636,0.44,0.08800000000000001,0.065,0.434
2018,trust,0.35700000000000004,0.138,0.408,0.34,0.29100000000000004,0.39299999999999996,0.295,0.38299999999999995,0.389,0.302,0.272,0.10099999999999999,0.22399999999999998,0.095,0.133,0.08800000000000001,0.321,0.306,0.24,,0.08199999999999999,0.052000000000000005,0.457,0.063,0.28,0.061,0.171,0.17600000000000002,0.054000000000000006,0.034,0.155,0.039,0.028999999999999998,0.127,0.07400000000000001,0.142,0.106,0.08199999999999999,0.071,0.259,0.013999999999999999,0.15,0.051,0.12,0.12300000000000001,0.027999999999999997,0.054000000000000006,0.0,0.07400000000000001,0.121,0.051,0.006,0.128,0.034,0.154,0.064,0.059000000000000004,0.039,0.14800000000000002,0.025,0.031,0.035,0.135,0.023,0.037000000000000005,0.05,0.174,0.018000000000000002,0.079,0.109,0.035,0.032,0.171,0.17600000000000002,0.113,0.134,0.081,0.10300000000000001,0.08199999999999999,0.001,0.043,0.017,0.066,0.105,0.07400000000000001,0.032,0.0,0.106,0.032,0.044000000000000004,0.136,0.022000000000000002,0.07400000000000001,0.034,0.063,0.076,0.14400000000000002,0.129,0.011000000000000001,0.095,0.055999999999999994,0.028999999999999998,0.099,0.03,0.09300000000000001,0.10400000000000001,0.052000000000000005,0.078,0.146,0.053,0.09300000000000001,0.055,0.027999999999999997,0.092,0.17800000000000002,0.215,0.08,0.05,0.043,0.009000000000000001,0.107,0.064,0.055999999999999994,0.077,0.061,0.08199999999999999,0.052000000000000005,0.099,0.065,0.09699999999999999,0.049,0.06,0.094,0.10300000000000001,0.128,0.036000000000000004,0.444,0.067,0.14400000000000002,0.076,0.10099999999999999
2018,generosity,0.256,0.353,0.284,0.28600000000000003,0.321,0.20199999999999999,0.33299999999999996,0.285,0.365,0.361,0.354,0.14300000000000002,0.242,0.069,0.29100000000000004,0.11,0.196,0.307,0.188,0.18600000000000003,0.262,0.055999999999999994,0.261,0.125,0.273,0.19699999999999998,0.256,0.098,0.062,0.064,0.13,0.099,0.364,0.098,0.142,0.376,0.16699999999999998,0.065,0.179,0.32799999999999996,0.11800000000000001,0.079,0.175,0.114,0.243,0.13699999999999998,0.141,0.171,0.162,0.14800000000000002,0.16,0.026000000000000002,0.20800000000000002,0.092,0.10099999999999999,0.10800000000000001,0.311,0.12,0.11599999999999999,0.065,0.096,0.20199999999999999,0.055,0.27399999999999997,0.19899999999999998,0.245,0.086,0.484,0.177,0.106,0.281,0.201,0.364,0.031,0.21600000000000003,0.13,0.111,0.028999999999999998,0.221,0.08800000000000001,0.134,0.055,0.092,0.12,0.026000000000000002,0.149,0.21600000000000003,0.12,0.253,0.0,0.214,0.061,0.19699999999999998,0.187,0.04,0.086,0.153,0.282,0.187,0.14800000000000002,0.10300000000000001,0.212,0.132,0.20600000000000002,0.172,0.392,0.19699999999999998,0.302,0.22,0.23800000000000002,0.134,0.35200000000000004,0.077,0.042,0.598,0.038,0.21,0.307,0.183,0.064,0.092,0.083,0.139,0.091,0.259,0.138,0.032,0.175,0.256,0.27,0.155,0.18100000000000002,0.185,0.146,0.175,0.191,0.2,0.163,0.376,0.149,0.158
2019,rank,6.0,4.0,2.0,3.0,9.0,1.0,5.0,7.0,8.0,11.0,13.0,12.0,10.0,23.0,19.0,32.0,14.0,16.0,18.0,21.0,15.0,108.0,34.0,31.0,17.0,26.0,29.0,24.0,47.0,20.0,33.0,43.0,52.0,28.0,30.0,22.0,51.0,35.0,27.0,41.0,38.0,58.0,54.0,50.0,37.0,36.0,61.0,71.0,63.0,60.0,44.0,42.0,45.0,65.0,81.0,40.0,80.0,75.0,72.0,68.0,56.0,49.0,88.0,46.0,87.0,57.0,55.0,92.0,94.0,79.0,86.0,85.0,95.0,90.0,67.0,101.0,73.0,93.0,138.0,48.0,70.0,66.0,53.0,69.0,89.0,107.0,78.0,77.0,83.0,82.0,91.0,62.0,59.0,74.0,124.0,110.0,125.0,117.0,133.0,126.0,106.0,98.0,146.0,141.0,140.0,147.0,127.0,100.0,134.0,129.0,122.0,121.0,116.0,148.0,131.0,119.0,150.0,130.0,96.0,97.0,137.0,151.0,128.0,103.0,136.0,111.0,104.0,114.0,109.0,153.0,143.0,132.0,118.0,99.0,115.0,154.0,152.0,102.0,149.0,145.0,139.0
2019,score,7.48,7.494,7.6,7.553999999999999,7.278,7.769,7.4879999999999995,7.343,7.307,7.228,7.138999999999999,7.167000000000001,7.246,6.595,6.892,6.3,7.09,7.021,6.922999999999999,6.825,7.053999999999999,4.707,6.2620000000000005,6.321000000000001,6.985,6.444,6.374,6.5920000000000005,6.086,6.852,6.292999999999999,6.125,6.007999999999999,6.375,6.354,6.726,6.021,6.252999999999999,6.436,6.1739999999999995,6.1979999999999995,5.886,5.895,6.028,6.199,6.223,5.779,5.529,5.742999999999999,5.809,6.117999999999999,6.149,6.105,5.697,5.3229999999999995,6.182,5.3389999999999995,5.432,5.525,5.648,5.89,6.046,5.211,6.1,5.247000000000001,5.888,5.893,5.192,5.175,5.372999999999999,5.261,5.265,5.082,5.207999999999999,5.653,4.906000000000001,5.523,5.191,4.107,6.07,5.603,5.693,5.94,5.631,5.207999999999999,4.718999999999999,5.386,5.425,5.285,5.287000000000001,5.197,5.757999999999999,5.86,5.4670000000000005,4.461,4.696000000000001,4.456,4.548,4.332,4.437,4.7219999999999995,4.996,3.6630000000000003,3.975,4.015,3.597,4.418,4.913,4.2860000000000005,4.374,4.49,4.5089999999999995,4.559,3.488,4.36,4.519,3.41,4.3660000000000005,5.044,5.011,4.166,3.38,4.39,4.812,4.189,4.681,4.7989999999999995,4.628,4.7,3.2310000000000003,3.9330000000000003,4.35,4.534,4.944,4.587,3.2030000000000003,3.3339999999999996,4.883,3.4619999999999997,3.775,4.085
2019,economy,1.452,1.38,1.383,1.4880000000000002,1.365,1.34,1.396,1.3869999999999998,1.3030000000000002,1.3719999999999999,1.276,1.034,1.376,1.07,1.433,1.004,1.609,1.499,1.3559999999999999,1.5030000000000001,1.3330000000000002,0.96,1.5719999999999998,1.149,1.3730000000000002,1.159,1.6840000000000002,1.324,1.092,1.2690000000000001,1.124,0.985,1.05,1.403,1.286,1.3,1.5,0.794,0.8,0.745,1.246,1.327,1.301,0.912,1.3619999999999999,1.294,0.7759999999999999,0.685,0.855,1.173,1.258,1.238,0.6940000000000001,0.96,1.067,1.206,1.2209999999999999,1.155,1.044,1.183,0.831,1.263,1.002,0.882,1.052,1.12,1.237,0.9309999999999999,0.741,1.183,0.551,0.696,0.813,1.043,0.677,0.8370000000000001,1.051,1.0290000000000001,0.578,1.162,1.004,1.2209999999999999,1.187,0.807,0.8009999999999999,0.9470000000000001,0.945,1.015,0.948,1.181,0.987,1.2009999999999998,0.642,0.493,0.9209999999999999,0.657,0.562,1.1,0.82,1.043,0.96,0.611,0.366,0.073,0.755,0.32299999999999995,0.094,0.446,0.336,0.268,0.57,0.512,0.85,1.041,0.71,0.8859999999999999,0.191,0.9490000000000001,0.5489999999999999,1.092,0.9129999999999999,0.287,0.385,0.6729999999999999,0.332,0.45,1.057,0.138,0.574,0.47600000000000003,0.27399999999999997,0.35,0.38,0.569,0.331,0.35,0.359,0.39299999999999996,0.619,0.046,0.275
2019,family,1.526,1.624,1.5730000000000002,1.5819999999999999,1.505,1.587,1.5219999999999998,1.4869999999999999,1.557,1.548,1.455,1.4409999999999998,1.475,1.3230000000000002,1.4569999999999999,1.439,1.479,1.5530000000000002,1.504,1.31,1.538,1.4269999999999998,1.463,1.442,1.454,1.369,1.3130000000000002,1.472,1.432,1.4869999999999999,1.465,1.41,1.409,1.357,1.484,1.52,1.319,1.242,1.2690000000000001,1.5290000000000001,1.504,1.419,1.219,1.3119999999999998,1.368,1.4880000000000002,1.209,1.328,1.475,1.508,1.5230000000000001,1.515,1.325,1.274,1.465,1.4380000000000002,1.171,1.266,1.3030000000000002,1.452,1.4780000000000002,1.2229999999999999,1.16,1.232,1.538,1.402,1.528,1.203,1.3459999999999999,1.36,1.4380000000000002,1.111,1.321,1.147,0.8859999999999999,1.225,1.361,1.125,1.058,1.232,1.383,1.431,1.465,1.2930000000000001,0.782,0.848,1.212,1.401,1.531,1.156,1.224,1.41,1.236,1.0979999999999999,1.0,1.247,0.9279999999999999,0.8420000000000001,1.39,0.98,1.351,0.868,1.114,0.922,0.765,0.688,1.125,1.226,1.033,0.841,1.167,0.983,1.055,1.145,1.181,0.6659999999999999,0.56,1.265,0.91,1.5130000000000001,1.0390000000000001,1.163,1.105,0.799,1.069,1.1340000000000001,1.183,0.774,1.122,0.885,0.9159999999999999,0.7659999999999999,0.8290000000000001,0.8079999999999999,1.056,0.517,0.711,0.43700000000000006,0.37799999999999995,0.447,0.5720000000000001
2019,health,1.052,1.026,0.996,1.028,1.0390000000000001,0.986,0.9990000000000001,1.0090000000000001,1.026,1.036,1.0290000000000001,0.963,1.016,0.861,0.8740000000000001,0.802,1.012,0.9990000000000001,0.986,0.825,0.996,0.805,1.141,0.91,0.987,0.92,0.871,1.045,0.8809999999999999,0.92,0.8909999999999999,0.841,0.828,0.795,1.062,0.9990000000000001,0.8079999999999999,0.789,0.746,0.7559999999999999,0.8809999999999999,1.088,1.036,0.868,0.871,1.0390000000000001,0.706,0.7390000000000001,0.777,0.7290000000000001,0.953,0.818,0.835,0.8540000000000001,0.789,0.884,0.828,0.914,0.6729999999999999,0.726,0.831,1.042,0.785,0.758,0.657,0.7979999999999999,0.8740000000000001,0.66,0.851,0.8079999999999999,0.723,0.245,0.604,0.769,0.535,0.815,0.871,0.893,0.426,0.825,0.8540000000000001,0.9990000000000001,0.812,0.657,0.782,0.8740000000000001,0.845,0.779,0.667,0.9990000000000001,0.815,0.828,0.828,0.718,0.815,0.672,0.723,0.785,0.7390000000000001,0.574,0.469,0.486,0.433,0.44299999999999995,0.588,0.449,0.35700000000000004,0.677,0.532,0.242,0.489,0.581,0.815,0.5379999999999999,0.555,0.752,0.495,0.831,0.331,0.815,0.644,0.46299999999999997,0.308,0.508,0.44299999999999995,0.5710000000000001,0.5710000000000001,0.366,0.637,0.499,0.555,0.192,0.375,0.23199999999999998,0.38,0.361,0.614,0.397,0.44,0.38,0.41
2019,freedom,0.5720000000000001,0.591,0.5920000000000001,0.603,0.584,0.596,0.557,0.574,0.585,0.557,0.371,0.5579999999999999,0.532,0.433,0.45399999999999996,0.39,0.526,0.516,0.473,0.598,0.45,0.154,0.556,0.516,0.495,0.35700000000000004,0.555,0.436,0.47100000000000003,0.457,0.523,0.47,0.557,0.439,0.36200000000000004,0.564,0.493,0.43,0.535,0.631,0.33399999999999996,0.445,0.159,0.498,0.536,0.231,0.511,0.245,0.514,0.41,0.564,0.29100000000000004,0.435,0.455,0.235,0.483,0.508,0.29600000000000004,0.41600000000000004,0.33399999999999996,0.49,0.406,0.086,0.489,0.39399999999999996,0.498,0.495,0.491,0.5429999999999999,0.195,0.508,0.426,0.457,0.35100000000000003,0.313,0.38299999999999995,0.19699999999999998,0.521,0.431,0.462,0.282,0.508,0.264,0.5579999999999999,0.418,0.38299999999999995,0.212,0.49700000000000005,0.317,0.067,0.21600000000000003,0.19899999999999998,0.507,0.389,0.16699999999999998,0.225,0.527,0.305,0.17800000000000002,0.24100000000000002,0.389,0.381,0.361,0.37,0.498,0.026000000000000002,0.26899999999999996,0.439,0.344,0.309,0.066,0.431,0.28300000000000003,0.455,0.525,0.34600000000000003,0.44299999999999995,0.47,0.381,0.311,0.24100000000000002,0.14300000000000002,0.327,0.37200000000000005,0.35600000000000004,0.292,0.295,0.318,0.609,0.41700000000000004,0.14800000000000002,0.174,0.332,0.35200000000000004,0.255,0.0,0.555,0.349,0.013000000000000001,0.22,0.293
2019,trust,0.34299999999999997,0.11800000000000001,0.41,0.341,0.308,0.39299999999999996,0.298,0.373,0.38,0.29,0.08199999999999999,0.09300000000000001,0.226,0.073,0.128,0.086,0.316,0.31,0.21,0.182,0.278,0.047,0.45299999999999996,0.054000000000000006,0.265,0.055999999999999994,0.16699999999999998,0.183,0.05,0.036000000000000004,0.15,0.034,0.027999999999999997,0.132,0.079,0.151,0.09699999999999999,0.07400000000000001,0.078,0.24,0.013999999999999999,0.14,0.055999999999999994,0.087,0.11,0.03,0.064,0.0,0.08,0.096,0.057,0.042,0.127,0.027000000000000003,0.142,0.05,0.024,0.022000000000000002,0.152,0.031,0.027999999999999997,0.040999999999999995,0.114,0.006,0.027999999999999997,0.06,0.161,0.027999999999999997,0.073,0.106,0.023,0.040999999999999995,0.16699999999999998,0.182,0.098,0.13,0.08,0.1,0.087,0.005,0.039,0.025,0.064,0.107,0.076,0.027000000000000003,0.006,0.10099999999999999,0.038,0.034,0.027000000000000003,0.02,0.078,0.14400000000000002,0.055,0.066,0.14300000000000002,0.125,0.01,0.08900000000000001,0.055,0.04,0.08900000000000001,0.033,0.085,0.11,0.053,0.08900000000000001,0.1,0.045,0.08800000000000001,0.053,0.064,0.1,0.172,0.16399999999999998,0.08900000000000001,0.047,0.037000000000000005,0.004,0.067,0.077,0.052000000000000005,0.09300000000000001,0.06,0.07200000000000001,0.055,0.102,0.062,0.147,0.040999999999999995,0.078,0.086,0.09,0.113,0.025,0.41100000000000003,0.08199999999999999,0.141,0.18,0.085
2019,generosity,0.263,0.354,0.252,0.271,0.285,0.153,0.322,0.267,0.33,0.332,0.261,0.14400000000000002,0.244,0.07400000000000001,0.28,0.099,0.19399999999999998,0.298,0.16,0.262,0.348,0.064,0.271,0.109,0.261,0.187,0.22,0.111,0.066,0.046,0.127,0.099,0.359,0.08,0.153,0.375,0.142,0.09300000000000001,0.175,0.322,0.121,0.069,0.175,0.126,0.255,0.158,0.13699999999999998,0.18100000000000002,0.184,0.146,0.14400000000000002,0.043,0.2,0.083,0.094,0.11699999999999999,0.26,0.11900000000000001,0.133,0.08199999999999999,0.107,0.19,0.073,0.262,0.244,0.215,0.10300000000000001,0.498,0.147,0.083,0.3,0.215,0.37,0.035,0.22,0.11,0.142,0.057999999999999996,0.247,0.083,0.13699999999999998,0.047,0.075,0.11699999999999999,0.036000000000000004,0.17800000000000002,0.263,0.113,0.235,0.0,0.166,0.081,0.24600000000000002,0.23,0.059000000000000004,0.10300000000000001,0.166,0.27,0.187,0.14800000000000002,0.13,0.245,0.151,0.233,0.2,0.419,0.212,0.285,0.209,0.252,0.106,0.37200000000000005,0.095,0.025,0.5660000000000001,0.043,0.218,0.244,0.187,0.081,0.076,0.10800000000000001,0.153,0.105,0.252,0.153,0.043,0.188,0.23199999999999998,0.276,0.16899999999999998,0.198,0.207,0.154,0.177,0.158,0.217,0.175,0.331,0.17600000000000002,0.177
